{
    "train": [
        {
            "loss": 4.401741109762883,
            "Accuracy": 0.0,
            "epoch": 0
        },
        {
            "loss": 3.674138425395589,
            "Accuracy": 0.0,
            "epoch": 1
        }
    ],
    "valid": [
        {
            "loss": 4.631563674129233,
            "Accuracy": 0.0,
            "epoch": 0
        },
        {
            "loss": 4.13839071497059,
            "Accuracy": 0.0,
            "epoch": 1
        }
    ]
}